Abreviatura,Valor,id_sistema,data,Sistema
Q PS-SC,6.587,0,2025-07-31,Cantareira
Q EEAB Bir,7.639,1,2025-07-31,Alto Tietê
Q RG-Taiaçupeba,0,1,2025-07-31,Alto Tietê
Q Transf Guaió,0,1,2025-07-31,Alto Tietê
Q Rev.Capiv.,0.18,2,2025-07-31,Guarapiranga
Q Rev.Taquac.,2.29,2,2025-07-31,Guarapiranga
Q RP-RG,0,4,2025-07-31,Rio Grande
Q Guarat.,0.5,5,2025-07-31,Rio Claro
Q PS-SC,7.59,0,2025-08-31,Cantareira
Q EEAB Bir,8.4,1,2025-08-31,Alto Tietê
Q RG-Taiaçupeba,0,1,2025-08-31,Alto Tietê
Q Transf Guaió,0,1,2025-08-31,Alto Tietê
Q Rev.Capiv.,0.5,2,2025-08-31,Guarapiranga
Q Rev.Taquac.,3.46,2,2025-08-31,Guarapiranga
Q RP-RG,0,4,2025-08-31,Rio Grande
Q Guarat.,0.5,5,2025-08-31,Rio Claro
Q PS-SC,7.518,0,2025-09-29,Cantareira
Q EEAB Bir,8.746,1,2025-09-29,Alto Tietê
Q RG-Taiaçupeba,0,1,2025-09-29,Alto Tietê
Q Transf Guaió,0,1,2025-09-29,Alto Tietê
Q Rev.Capiv.,0.32,2,2025-09-29,Guarapiranga
Q Rev.Taquac.,4,2,2025-09-29,Guarapiranga
Q RP-RG,0,4,2025-09-29,Rio Grande
Q Guarat.,0.5,5,2025-09-29,Rio Claro
Q PS-SC,6.365,0,2025-07-30,Cantareira
Q EEAB Bir,7.636,1,2025-07-30,Alto Tietê
Q RG-Taiaçupeba,0,1,2025-07-30,Alto Tietê
Q Transf Guaió,0,1,2025-07-30,Alto Tietê
Q Rev.Capiv.,0.23,2,2025-07-30,Guarapiranga
Q Rev.Taquac.,1.66,2,2025-07-30,Guarapiranga
Q RP-RG,0,4,2025-07-30,Rio Grande
Q Guarat.,0.432,5,2025-07-30,Rio Claro
Q PS-SC,4.853,0,2025-03-31,Cantareira
Q EEAB Bir,8.484,1,2025-03-31,Alto Tietê
Q RG-Taiaçupeba,0,1,2025-03-31,Alto Tietê
Q Transf Guaió,0,1,2025-03-31,Alto Tietê
Q Rev.Capiv.,0,2,2025-03-31,Guarapiranga
Q Rev.Taquac.,0,2,2025-03-31,Guarapiranga
Q RP-RG,0,4,2025-03-31,Rio Grande
Q Guarat.,0.244,5,2025-03-31,Rio Claro
Q PS-SC,3.34,0,2025-04-30,Cantareira
Q EEAB Bir,7.213,1,2025-04-30,Alto Tietê
Q RG-Taiaçupeba,0,1,2025-04-30,Alto Tietê
Q Transf Guaió,0,1,2025-04-30,Alto Tietê
Q Rev.Capiv.,0,2,2025-04-30,Guarapiranga
Q Rev.Taquac.,0,2,2025-04-30,Guarapiranga
Q RP-RG,0,4,2025-04-30,Rio Grande
Q Guarat.,0.112,5,2025-04-30,Rio Claro
Q PS-SC,1.672,0,2025-05-31,Cantareira
Q EEAB Bir,8.03,1,2025-05-31,Alto Tietê
Q RG-Taiaçupeba,0,1,2025-05-31,Alto Tietê
Q Transf Guaió,0,1,2025-05-31,Alto Tietê
Q Rev.Capiv.,0.33,2,2025-05-31,Guarapiranga
Q Rev.Taquac.,0,2,2025-05-31,Guarapiranga
Q RP-RG,0,4,2025-05-31,Rio Grande
Q Guarat.,0.5,5,2025-05-31,Rio Claro
Q PS-SC,3.35,0,2025-06-30,Cantareira
Q EEAB Bir,5.67,1,2025-06-30,Alto Tietê
Q RG-Taiaçupeba,0,1,2025-06-30,Alto Tietê
Q Transf Guaió,0,1,2025-06-30,Alto Tietê
Q Rev.Capiv.,0.36,2,2025-06-30,Guarapiranga
Q Rev.Taquac.,0,2,2025-06-30,Guarapiranga
Q RP-RG,0,4,2025-06-30,Rio Grande
Q Guarat.,0.5,5,2025-06-30,Rio Claro
Q EEAB Bir,0,1,2010-01-31,Alto Tietê
Q Rev.Capiv.,0,2,2010-01-31,Guarapiranga
Q Rev.Taquac.,0,2,2010-01-31,Guarapiranga
Q Guarat.,0,5,2010-01-31,Rio Claro
Q EEAB Bir,0.1,1,2010-02-28,Alto Tietê
Q Rev.Capiv.,0,2,2010-02-28,Guarapiranga
Q Rev.Taquac.,0,2,2010-02-28,Guarapiranga
Q Guarat.,0,5,2010-02-28,Rio Claro
Q EEAB Bir,0.1,1,2010-03-31,Alto Tietê
Q Rev.Capiv.,0,2,2010-03-31,Guarapiranga
Q Rev.Taquac.,0,2,2010-03-31,Guarapiranga
Q Guarat.,0,5,2010-03-31,Rio Claro
Q EEAB Bir,0.1,1,2010-04-30,Alto Tietê
Q Rev.Capiv.,0,2,2010-04-30,Guarapiranga
Q Rev.Taquac.,0,2,2010-04-30,Guarapiranga
Q Guarat.,0.014,5,2010-04-30,Rio Claro
Q EEAB Bir,0.09,1,2010-05-31,Alto Tietê
Q Rev.Capiv.,0,2,2010-05-31,Guarapiranga
Q Rev.Taquac.,0,2,2010-05-31,Guarapiranga
Q Guarat.,0,5,2010-05-31,Rio Claro
Q EEAB Bir,0,1,2010-06-30,Alto Tietê
Q Rev.Capiv.,0,2,2010-06-30,Guarapiranga
Q Rev.Taquac.,0,2,2010-06-30,Guarapiranga
Q Guarat.,0,5,2010-06-30,Rio Claro
Q EEAB Bir,0,1,2010-07-31,Alto Tietê
Q Rev.Capiv.,0,2,2010-07-31,Guarapiranga
Q Rev.Taquac.,0,2,2010-07-31,Guarapiranga
Q Guarat.,0,5,2010-07-31,Rio Claro
Q EEAB Bir,0,1,2010-08-31,Alto Tietê
Q Rev.Capiv.,0,2,2010-08-31,Guarapiranga
Q Rev.Taquac.,0,2,2010-08-31,Guarapiranga
Q Guarat.,0.506,5,2010-08-31,Rio Claro
Q EEAB Bir,4.05,1,2010-09-30,Alto Tietê
Q Rev.Capiv.,0,2,2010-09-30,Guarapiranga
Q Rev.Taquac.,0,2,2010-09-30,Guarapiranga
Q Guarat.,0.506,5,2010-09-30,Rio Claro
Q EEAB Bir,6,1,2010-10-31,Alto Tietê
Q Rev.Capiv.,0,2,2010-10-31,Guarapiranga
Q Rev.Taquac.,0,2,2010-10-31,Guarapiranga
Q Guarat.,0.506,5,2010-10-31,Rio Claro
Q EEAB Bir,4.58,1,2010-11-30,Alto Tietê
Q Rev.Capiv.,0,2,2010-11-30,Guarapiranga
Q Rev.Taquac.,0,2,2010-11-30,Guarapiranga
Q Guarat.,0.336,5,2010-11-30,Rio Claro
Q EEAB Bir,3.59,1,2010-12-31,Alto Tietê
Q Rev.Capiv.,0,2,2010-12-31,Guarapiranga
Q Rev.Taquac.,0,2,2010-12-31,Guarapiranga
Q Guarat.,0,5,2010-12-31,Rio Claro
Q EEAB Bir,0,1,2011-01-31,Alto Tietê
Q Rev.Capiv.,0,2,2011-01-31,Guarapiranga
Q Rev.Taquac.,0,2,2011-01-31,Guarapiranga
Q Guarat.,0,5,2011-01-31,Rio Claro
Q EEAB Bir,0,1,2011-02-28,Alto Tietê
Q Rev.Capiv.,0,2,2011-02-28,Guarapiranga
Q Rev.Taquac.,0,2,2011-02-28,Guarapiranga
Q Guarat.,0,5,2011-02-28,Rio Claro
Q EEAB Bir,0,1,2011-03-31,Alto Tietê
Q Rev.Capiv.,0,2,2011-03-31,Guarapiranga
Q Rev.Taquac.,0,2,2011-03-31,Guarapiranga
Q Guarat.,0,5,2011-03-31,Rio Claro
Q EEAB Bir,2.44,1,2011-04-30,Alto Tietê
Q Rev.Capiv.,0,2,2011-04-30,Guarapiranga
Q Rev.Taquac.,0,2,2011-04-30,Guarapiranga
Q Guarat.,0,5,2011-04-30,Rio Claro
Q EEAB Bir,0,1,2011-05-31,Alto Tietê
Q Rev.Capiv.,0,2,2011-05-31,Guarapiranga
Q Rev.Taquac.,0,2,2011-05-31,Guarapiranga
Q Guarat.,0,5,2011-05-31,Rio Claro
Q EEAB Bir,0,1,2011-06-30,Alto Tietê
Q Rev.Capiv.,0,2,2011-06-30,Guarapiranga
Q Rev.Taquac.,0,2,2011-06-30,Guarapiranga
Q Guarat.,0,5,2011-06-30,Rio Claro
Q EEAB Bir,0,1,2011-07-31,Alto Tietê
Q Rev.Capiv.,0,2,2011-07-31,Guarapiranga
Q Rev.Taquac.,0,2,2011-07-31,Guarapiranga
Q Guarat.,0.168,5,2011-07-31,Rio Claro
Q EEAB Bir,6.68,1,2011-08-31,Alto Tietê
Q Rev.Capiv.,0.717,2,2011-08-31,Guarapiranga
Q Rev.Taquac.,0.437,2,2011-08-31,Guarapiranga
Q Guarat.,0.168,5,2011-08-31,Rio Claro
Q EEAB Bir,6.81,1,2011-09-30,Alto Tietê
Q Rev.Capiv.,1.219,2,2011-09-30,Guarapiranga
Q Rev.Taquac.,1.75,2,2011-09-30,Guarapiranga
Q Guarat.,0.336,5,2011-09-30,Rio Claro
Q EEAB Bir,7.43,1,2011-10-31,Alto Tietê
Q Rev.Capiv.,1.434,2,2011-10-31,Guarapiranga
Q Rev.Taquac.,1.837,2,2011-10-31,Guarapiranga
Q Guarat.,0.336,5,2011-10-31,Rio Claro
Q EEAB Bir,6.6,1,2011-11-30,Alto Tietê
Q Rev.Capiv.,0.645,2,2011-11-30,Guarapiranga
Q Rev.Taquac.,1.837,2,2011-11-30,Guarapiranga
Q Guarat.,0.336,5,2011-11-30,Rio Claro
Q EEAB Bir,6.92,1,2011-12-31,Alto Tietê
Q Rev.Capiv.,0.544,2,2011-12-31,Guarapiranga
Q Rev.Taquac.,2.841,2,2011-12-31,Guarapiranga
Q Guarat.,0.336,5,2011-12-31,Rio Claro
Q EEAB Bir,6.11,1,2012-01-31,Alto Tietê
Q Rev.Capiv.,1.434,2,2012-01-31,Guarapiranga
Q Rev.Taquac.,2.584,2,2012-01-31,Guarapiranga
Q Guarat.,0,5,2012-01-31,Rio Claro
Q EEAB Bir,6.69,1,2012-02-29,Alto Tietê
Q Rev.Capiv.,0,2,2012-02-29,Guarapiranga
Q Rev.Taquac.,0,2,2012-02-29,Guarapiranga
Q Guarat.,0.336,5,2012-02-29,Rio Claro
Q EEAB Bir,6.57,1,2012-03-31,Alto Tietê
Q Rev.Capiv.,0,2,2012-03-31,Guarapiranga
Q Rev.Taquac.,0,2,2012-03-31,Guarapiranga
Q Guarat.,0.336,5,2012-03-31,Rio Claro
Q EEAB Bir,7.15,1,2012-04-30,Alto Tietê
Q Rev.Capiv.,0,2,2012-04-30,Guarapiranga
Q Rev.Taquac.,0,2,2012-04-30,Guarapiranga
Q Guarat.,0,5,2012-04-30,Rio Claro
Q EEAB Bir,6.6,1,2012-05-31,Alto Tietê
Q Rev.Capiv.,0,2,2012-05-31,Guarapiranga
Q Rev.Taquac.,0,2,2012-05-31,Guarapiranga
Q Guarat.,0.506,5,2012-05-31,Rio Claro
Q EEAB Bir,5.9,1,2012-06-30,Alto Tietê
Q Rev.Capiv.,0,2,2012-06-30,Guarapiranga
Q Rev.Taquac.,3.466,2,2012-06-30,Guarapiranga
Q Guarat.,0.336,5,2012-06-30,Rio Claro
Q EEAB Bir,2.69,1,2012-07-31,Alto Tietê
Q Rev.Capiv.,0,2,2012-07-31,Guarapiranga
Q Rev.Taquac.,0,2,2012-07-31,Guarapiranga
Q Guarat.,0.506,5,2012-07-31,Rio Claro
Q EEAB Bir,1.27,1,2012-08-31,Alto Tietê
Q Rev.Capiv.,0,2,2012-08-31,Guarapiranga
Q Rev.Taquac.,0,2,2012-08-31,Guarapiranga
Q Guarat.,0.506,5,2012-08-31,Rio Claro
Q EEAB Bir,5.56,1,2012-09-30,Alto Tietê
Q Rev.Capiv.,0,2,2012-09-30,Guarapiranga
Q Rev.Taquac.,0,2,2012-09-30,Guarapiranga
Q Guarat.,0.506,5,2012-09-30,Rio Claro
Q EEAB Bir,6.25,1,2012-10-31,Alto Tietê
Q Rev.Capiv.,0,2,2012-10-31,Guarapiranga
Q Rev.Taquac.,0,2,2012-10-31,Guarapiranga
Q Guarat.,0.506,5,2012-10-31,Rio Claro
Q EEAB Bir,4.63,1,2012-11-30,Alto Tietê
Q Rev.Capiv.,1.433,2,2012-11-30,Guarapiranga
Q Rev.Taquac.,0,2,2012-11-30,Guarapiranga
Q Guarat.,0,5,2012-11-30,Rio Claro
Q EEAB Bir,5.44,1,2012-12-31,Alto Tietê
Q Rev.Capiv.,0.86,2,2012-12-31,Guarapiranga
Q Rev.Taquac.,0,2,2012-12-31,Guarapiranga
Q Guarat.,0,5,2012-12-31,Rio Claro
Q EEAB Bir,2.66,1,2013-01-31,Alto Tietê
Q Rev.Capiv.,1.433,2,2013-01-31,Guarapiranga
Q Rev.Taquac.,0,2,2013-01-31,Guarapiranga
Q Guarat.,0.168,5,2013-01-31,Rio Claro
Q EEAB Bir,0,1,2013-02-28,Alto Tietê
Q Rev.Capiv.,1.433,2,2013-02-28,Guarapiranga
Q Rev.Taquac.,0,2,2013-02-28,Guarapiranga
Q Guarat.,0,5,2013-02-28,Rio Claro
Q EEAB Bir,0,1,2013-03-31,Alto Tietê
Q Rev.Capiv.,1.72,2,2013-03-31,Guarapiranga
Q Rev.Taquac.,0,2,2013-03-31,Guarapiranga
Q Guarat.,0,5,2013-03-31,Rio Claro
Q EEAB Bir,0,1,2013-04-30,Alto Tietê
Q Rev.Capiv.,0.716,2,2013-04-30,Guarapiranga
Q Rev.Taquac.,2.42,2,2013-04-30,Guarapiranga
Q Guarat.,0.168,5,2013-04-30,Rio Claro
Q EEAB Bir,1.39,1,2013-05-31,Alto Tietê
Q Rev.Capiv.,0.645,2,2013-05-31,Guarapiranga
Q Rev.Taquac.,2.54,2,2013-05-31,Guarapiranga
Q Guarat.,0.168,5,2013-05-31,Rio Claro
Q EEAB Bir,3.36,1,2013-06-30,Alto Tietê
Q Rev.Capiv.,1.72,2,2013-06-30,Guarapiranga
Q Rev.Taquac.,3.466,2,2013-06-30,Guarapiranga
Q Guarat.,0.168,5,2013-06-30,Rio Claro
Q EEAB Bir,1.97,1,2013-07-31,Alto Tietê
Q Rev.Capiv.,1.433,2,2013-07-31,Guarapiranga
Q Rev.Taquac.,3.417,2,2013-07-31,Guarapiranga
Q Guarat.,0.168,5,2013-07-31,Rio Claro
Q EEAB Bir,0.49,1,2013-08-31,Alto Tietê
Q Rev.Capiv.,0.645,2,2013-08-31,Guarapiranga
Q Rev.Taquac.,1.683,2,2013-08-31,Guarapiranga
Q Guarat.,0.168,5,2013-08-31,Rio Claro
Q EEAB Bir,7.66,1,2013-09-30,Alto Tietê
Q Rev.Capiv.,1.72,2,2013-09-30,Guarapiranga
Q Rev.Taquac.,0,2,2013-09-30,Guarapiranga
Q Guarat.,0.168,5,2013-09-30,Rio Claro
Q EEAB Bir,6.94,1,2013-10-31,Alto Tietê
Q Rev.Capiv.,0,2,2013-10-31,Guarapiranga
Q Rev.Taquac.,0,2,2013-10-31,Guarapiranga
Q Guarat.,0.168,5,2013-10-31,Rio Claro
Q EEAB Bir,6.71,1,2013-11-30,Alto Tietê
Q Rev.Capiv.,0,2,2013-11-30,Guarapiranga
Q Rev.Taquac.,0,2,2013-11-30,Guarapiranga
Q Guarat.,0.168,5,2013-11-30,Rio Claro
Q EEAB Bir,7.18,1,2013-12-31,Alto Tietê
Q Rev.Capiv.,0,2,2013-12-31,Guarapiranga
Q Rev.Taquac.,0,2,2013-12-31,Guarapiranga
Q Guarat.,0,5,2013-12-31,Rio Claro
Q EEAB Bir,5.56,1,2014-01-31,Alto Tietê
Q Rev.Capiv.,0.645,2,2014-01-31,Guarapiranga
Q Rev.Taquac.,2.335,2,2014-01-31,Guarapiranga
Q Guarat.,0,5,2014-01-31,Rio Claro
Q EEAB Bir,6.71,1,2014-02-28,Alto Tietê
Q Rev.Capiv.,0.645,2,2014-02-28,Guarapiranga
Q Rev.Taquac.,2.708,2,2014-02-28,Guarapiranga
Q Guarat.,0,5,2014-02-28,Rio Claro
Q EEAB Bir,6.6,1,2014-03-31,Alto Tietê
Q Rev.Capiv.,1.648,2,2014-03-31,Guarapiranga
Q Rev.Taquac.,1.364,2,2014-03-31,Guarapiranga
Q Guarat.,0,5,2014-03-31,Rio Claro
Q EEAB Bir,8.36,1,2014-04-30,Alto Tietê
Q Rev.Capiv.,1.433,2,2014-04-30,Guarapiranga
Q Rev.Taquac.,3.25,2,2014-04-30,Guarapiranga
Q Guarat.,0,5,2014-04-30,Rio Claro
Q EEAB Bir,8.22,1,2014-05-31,Alto Tietê
Q Rev.Capiv.,1.433,2,2014-05-31,Guarapiranga
Q Rev.Taquac.,3.216,2,2014-05-31,Guarapiranga
Q Guarat.,0.168,5,2014-05-31,Rio Claro
Q EEAB Bir,7.85,1,2014-06-30,Alto Tietê
Q Rev.Capiv.,1.003,2,2014-06-30,Guarapiranga
Q Rev.Taquac.,3.088,2,2014-06-30,Guarapiranga
Q Guarat.,0.168,5,2014-06-30,Rio Claro
Q EEAB Bir,7.9,1,2014-07-31,Alto Tietê
Q Rev.Capiv.,0.717,2,2014-07-31,Guarapiranga
Q Rev.Taquac.,2.913,2,2014-07-31,Guarapiranga
Q Guarat.,0.168,5,2014-07-31,Rio Claro
Q EEAB Bir,8.67,1,2014-08-31,Alto Tietê
Q Rev.Capiv.,0.645,2,2014-08-31,Guarapiranga
Q Rev.Taquac.,3.92,2,2014-08-31,Guarapiranga
Q Guarat.,0.336,5,2014-08-31,Rio Claro
Q EEAB Bir,9.49,1,2014-09-30,Alto Tietê
Q Rev.Capiv.,1.433,2,2014-09-30,Guarapiranga
Q Rev.Taquac.,3.2,2,2014-09-30,Guarapiranga
Q Guarat.,0.168,5,2014-09-30,Rio Claro
Q EEAB Bir,8.91,1,2014-10-31,Alto Tietê
Q Rev.Capiv.,0.255,2,2014-10-31,Guarapiranga
Q Rev.Taquac.,2.15,2,2014-10-31,Guarapiranga
Q Guarat.,0.42,5,2014-10-31,Rio Claro
Q EEAB Bir,8.9,1,2014-11-30,Alto Tietê
Q Rev.Capiv.,1.72,2,2014-11-30,Guarapiranga
Q Rev.Taquac.,3.86,2,2014-11-30,Guarapiranga
Q Guarat.,0.48,5,2014-11-30,Rio Claro
Q EEAB Bir,8.33,1,2014-12-31,Alto Tietê
Q Rev.Capiv.,1.72,2,2014-12-31,Guarapiranga
Q Rev.Taquac.,3.8,2,2014-12-31,Guarapiranga
Q Guarat.,0.48,5,2014-12-31,Rio Claro
Q EEAB Bir,8.7,1,2015-01-31,Alto Tietê
Q Rev.Capiv.,1.21,2,2015-01-31,Guarapiranga
Q Rev.Taquac.,3.15,2,2015-01-31,Guarapiranga
Q Guarat.,0,5,2015-01-31,Rio Claro
Q EEAB Bir,7.75,1,2015-02-28,Alto Tietê
Q Rev.Capiv.,0.562,2,2015-02-28,Guarapiranga
Q Rev.Taquac.,3.944,2,2015-02-28,Guarapiranga
Q Guarat.,0.86,5,2015-02-28,Rio Claro
Q EEAB Bir,7.75,1,2015-03-31,Alto Tietê
Q Rev.Capiv.,1.433,2,2015-03-31,Guarapiranga
Q Rev.Taquac.,4.01,2,2015-03-31,Guarapiranga
Q Guarat.,0.568,5,2015-03-31,Rio Claro
Q EEAB Bir,6.6,1,2015-04-30,Alto Tietê
Q Rev.Capiv.,1.433,2,2015-04-30,Guarapiranga
Q Rev.Taquac.,3.1608,2,2015-04-30,Guarapiranga
Q Guarat.,0.432,5,2015-04-30,Rio Claro
Q EEAB Bir,4.77,1,2015-05-31,Alto Tietê
Q Rev.Capiv.,0.717,2,2015-05-31,Guarapiranga
Q Rev.Taquac.,3.99,2,2015-05-31,Guarapiranga
Q Guarat.,0.475,5,2015-05-31,Rio Claro
Q EEAB Bir,3.82,1,2015-06-30,Alto Tietê
Q Rev.Capiv.,0.76,2,2015-06-30,Guarapiranga
Q Rev.Taquac.,3.95,2,2015-06-30,Guarapiranga
Q Guarat.,0.475,5,2015-06-30,Rio Claro
Q EEAB Bir,1.27,1,2015-07-31,Alto Tietê
Q Rev.Capiv.,0.738,2,2015-07-31,Guarapiranga
Q Rev.Taquac.,4.19,2,2015-07-31,Guarapiranga
Q Guarat.,0.475,5,2015-07-31,Rio Claro
Q EEAB Bir,4.31,1,2015-08-31,Alto Tietê
Q Rev.Capiv.,1.29,2,2015-08-31,Guarapiranga
Q Rev.Taquac.,4.11,2,2015-08-31,Guarapiranga
Q Guarat.,0.475,5,2015-08-31,Rio Claro
Q EEAB Bir,3.47,1,2015-09-30,Alto Tietê
Q Rev.Capiv.,1.433,2,2015-09-30,Guarapiranga
Q Rev.Taquac.,4.31,2,2015-09-30,Guarapiranga
Q Guarat.,0.291,5,2015-09-30,Rio Claro
Q EEAB Bir,4.75,1,2015-10-31,Alto Tietê
Q RG-Taiaçupeba,0.667,1,2015-10-31,Alto Tietê
Q Rev.Capiv.,1.433,2,2015-10-31,Guarapiranga
Q Rev.Taquac.,3.923,2,2015-10-31,Guarapiranga
Q Guarat.,0.484,5,2015-10-31,Rio Claro
Q EEAB Bir,5.56,1,2015-11-30,Alto Tietê
Q RG-Taiaçupeba,1.197,1,2015-11-30,Alto Tietê
Q Rev.Capiv.,0,2,2015-11-30,Guarapiranga
Q Rev.Taquac.,0,2,2015-11-30,Guarapiranga
Q Guarat.,0.484,5,2015-11-30,Rio Claro
Q EEAB Bir,3.94,1,2015-12-31,Alto Tietê
Q RG-Taiaçupeba,2.3,1,2015-12-31,Alto Tietê
Q Rev.Capiv.,0,2,2015-12-31,Guarapiranga
Q Rev.Taquac.,0,2,2015-12-31,Guarapiranga
Q Guarat.,0.484,5,2015-12-31,Rio Claro
Q EEAB Bir,1.16,1,2016-01-31,Alto Tietê
Q RG-Taiaçupeba,2.8,1,2016-01-31,Alto Tietê
Q Transf Guaió,0.3,1,2016-01-31,Alto Tietê
Q Rev.Capiv.,0,2,2016-01-31,Guarapiranga
Q Rev.Taquac.,0,2,2016-01-31,Guarapiranga
Q Guarat.,0.484,5,2016-01-31,Rio Claro
Q EEAB Bir,2.55,1,2016-02-29,Alto Tietê
Q RG-Taiaçupeba,2.33,1,2016-02-29,Alto Tietê
Q Transf Guaió,0.3,1,2016-02-29,Alto Tietê
Q Rev.Capiv.,0,2,2016-02-29,Guarapiranga
Q Rev.Taquac.,0,2,2016-02-29,Guarapiranga
Q Guarat.,0.484,5,2016-02-29,Rio Claro
Q EEAB Bir,0,1,2016-03-31,Alto Tietê
Q RG-Taiaçupeba,0,1,2016-03-31,Alto Tietê
Q Transf Guaió,0,1,2016-03-31,Alto Tietê
Q Rev.Capiv.,0,2,2016-03-31,Guarapiranga
Q Rev.Taquac.,0,2,2016-03-31,Guarapiranga
Q Guarat.,0.484,5,2016-03-31,Rio Claro
Q EEAB Bir,0,1,2016-04-30,Alto Tietê
Q RG-Taiaçupeba,1.4,1,2016-04-30,Alto Tietê
Q Transf Guaió,0.3,1,2016-04-30,Alto Tietê
Q Rev.Capiv.,0,2,2016-04-30,Guarapiranga
Q Rev.Taquac.,3.11,2,2016-04-30,Guarapiranga
Q Guarat.,0.484,5,2016-04-30,Rio Claro
Q EEAB Bir,1.04,1,2016-05-31,Alto Tietê
Q RG-Taiaçupeba,2.8,1,2016-05-31,Alto Tietê
Q Transf Guaió,0.3,1,2016-05-31,Alto Tietê
Q Rev.Capiv.,1.433,2,2016-05-31,Guarapiranga
Q Rev.Taquac.,3.95,2,2016-05-31,Guarapiranga
Q Guarat.,0.484,5,2016-05-31,Rio Claro
Q EEAB Bir,1.5,1,2016-06-30,Alto Tietê
Q RG-Taiaçupeba,0,1,2016-06-30,Alto Tietê
Q Transf Guaió,0.3,1,2016-06-30,Alto Tietê
Q Rev.Capiv.,0,2,2016-06-30,Guarapiranga
Q Rev.Taquac.,0,2,2016-06-30,Guarapiranga
Q Guarat.,0.484,5,2016-06-30,Rio Claro
Q EEAB Bir,0,1,2016-07-31,Alto Tietê
Q RG-Taiaçupeba,0,1,2016-07-31,Alto Tietê
Q Transf Guaió,0.3,1,2016-07-31,Alto Tietê
Q Rev.Capiv.,0,2,2016-07-31,Guarapiranga
Q Rev.Taquac.,0,2,2016-07-31,Guarapiranga
Q RP-RG,3.6,4,2016-07-31,Rio Grande
Q Guarat.,0.357,5,2016-07-31,Rio Claro
Q EEAB Bir,1.97,1,2016-08-31,Alto Tietê
Q RG-Taiaçupeba,2.63,1,2016-08-31,Alto Tietê
Q Transf Guaió,0.3,1,2016-08-31,Alto Tietê
Q Rev.Capiv.,1.433,2,2016-08-31,Guarapiranga
Q Rev.Taquac.,0,2,2016-08-31,Guarapiranga
Q RP-RG,2.55,4,2016-08-31,Rio Grande
Q Guarat.,0.484,5,2016-08-31,Rio Claro
Q EEAB Bir,0.81,1,2016-09-30,Alto Tietê
Q RG-Taiaçupeba,0.986,1,2016-09-30,Alto Tietê
Q Transf Guaió,0.3,1,2016-09-30,Alto Tietê
Q Rev.Capiv.,1.433,2,2016-09-30,Guarapiranga
Q Rev.Taquac.,3.59,2,2016-09-30,Guarapiranga
Q RP-RG,3.6,4,2016-09-30,Rio Grande
Q Guarat.,0.484,5,2016-09-30,Rio Claro
Q EEAB Bir,2.2,1,2016-10-31,Alto Tietê
Q RG-Taiaçupeba,0,1,2016-10-31,Alto Tietê
Q Transf Guaió,0.373,1,2016-10-31,Alto Tietê
Q Rev.Capiv.,1.72,2,2016-10-31,Guarapiranga
Q Rev.Taquac.,4.09,2,2016-10-31,Guarapiranga
Q RP-RG,3.6,4,2016-10-31,Rio Grande
Q Guarat.,0,5,2016-10-31,Rio Claro
Q EEAB Bir,3.82,1,2016-11-30,Alto Tietê
Q RG-Taiaçupeba,0,1,2016-11-30,Alto Tietê
Q Transf Guaió,0,1,2016-11-30,Alto Tietê
Q Rev.Capiv.,0,2,2016-11-30,Guarapiranga
Q Rev.Taquac.,0,2,2016-11-30,Guarapiranga
Q RP-RG,0,4,2016-11-30,Rio Grande
Q Guarat.,0.484,5,2016-11-30,Rio Claro
Q EEAB Bir,3.36,1,2016-12-31,Alto Tietê
Q RG-Taiaçupeba,0,1,2016-12-31,Alto Tietê
Q Transf Guaió,0.375,1,2016-12-31,Alto Tietê
Q Rev.Capiv.,0,2,2016-12-31,Guarapiranga
Q Rev.Taquac.,0,2,2016-12-31,Guarapiranga
Q RP-RG,0,4,2016-12-31,Rio Grande
Q Guarat.,0.484,5,2016-12-31,Rio Claro
Q EEAB Bir,3.91,1,2017-01-31,Alto Tietê
Q RG-Taiaçupeba,0,1,2017-01-31,Alto Tietê
Q Transf Guaió,0.371,1,2017-01-31,Alto Tietê
Q Rev.Capiv.,0,2,2017-01-31,Guarapiranga
Q Rev.Taquac.,0,2,2017-01-31,Guarapiranga
Q RP-RG,0,4,2017-01-31,Rio Grande
Q Guarat.,0.484,5,2017-01-31,Rio Claro
Q EEAB Bir,2.78,1,2017-02-28,Alto Tietê
Q RG-Taiaçupeba,0,1,2017-02-28,Alto Tietê
Q Transf Guaió,0.374,1,2017-02-28,Alto Tietê
Q Rev.Capiv.,0,2,2017-02-28,Guarapiranga
Q Rev.Taquac.,0,2,2017-02-28,Guarapiranga
Q RP-RG,0,4,2017-02-28,Rio Grande
Q Guarat.,0.484,5,2017-02-28,Rio Claro
Q EEAB Bir,1.04,1,2017-03-31,Alto Tietê
Q RG-Taiaçupeba,2.018,1,2017-03-31,Alto Tietê
Q Transf Guaió,0.355,1,2017-03-31,Alto Tietê
Q Rev.Capiv.,0,2,2017-03-31,Guarapiranga
Q Rev.Taquac.,0,2,2017-03-31,Guarapiranga
Q RP-RG,0,4,2017-03-31,Rio Grande
Q Guarat.,0.484,5,2017-03-31,Rio Claro
Q EEAB Bir,1.5,1,2017-04-30,Alto Tietê
Q RG-Taiaçupeba,2.677,1,2017-04-30,Alto Tietê
Q Transf Guaió,0.383,1,2017-04-30,Alto Tietê
Q Rev.Capiv.,0.86,2,2017-04-30,Guarapiranga
Q Rev.Taquac.,0,2,2017-04-30,Guarapiranga
Q RP-RG,0,4,2017-04-30,Rio Grande
Q Guarat.,0.484,5,2017-04-30,Rio Claro
Q EEAB Bir,3.59,1,2017-05-31,Alto Tietê
Q RG-Taiaçupeba,2.75,1,2017-05-31,Alto Tietê
Q Transf Guaió,0.4,1,2017-05-31,Alto Tietê
Q Rev.Capiv.,1.433,2,2017-05-31,Guarapiranga
Q Rev.Taquac.,0,2,2017-05-31,Guarapiranga
Q Guarat.,0.484,5,2017-05-31,Rio Claro
Q EEAB Bir,2.08,1,2017-06-30,Alto Tietê
Q RG-Taiaçupeba,1.318,1,2017-06-30,Alto Tietê
Q Transf Guaió,0.364,1,2017-06-30,Alto Tietê
Q Rev.Capiv.,0,2,2017-06-30,Guarapiranga
Q Rev.Taquac.,0,2,2017-06-30,Guarapiranga
Q RP-RG,0,4,2017-06-30,Rio Grande
Q Guarat.,0.484,5,2017-06-30,Rio Claro
Q EEAB Bir,0.93,1,2017-07-31,Alto Tietê
Q RG-Taiaçupeba,0,1,2017-07-31,Alto Tietê
Q Transf Guaió,0.37,1,2017-07-31,Alto Tietê
Q Rev.Capiv.,0,2,2017-07-31,Guarapiranga
Q Rev.Taquac.,0,2,2017-07-31,Guarapiranga
Q RP-RG,0,4,2017-07-31,Rio Grande
Q Guarat.,0.484,5,2017-07-31,Rio Claro
Q EEAB Bir,1.16,1,2017-08-31,Alto Tietê
Q RG-Taiaçupeba,0,1,2017-08-31,Alto Tietê
Q Transf Guaió,0.38,1,2017-08-31,Alto Tietê
Q Rev.Capiv.,0.6,2,2017-08-31,Guarapiranga
Q Rev.Taquac.,0,2,2017-08-31,Guarapiranga
Q RP-RG,0,4,2017-08-31,Rio Grande
Q Guarat.,0.484,5,2017-08-31,Rio Claro
Q EEAB Bir,0,1,2017-09-30,Alto Tietê
Q RG-Taiaçupeba,0.31,1,2017-09-30,Alto Tietê
Q Transf Guaió,0,1,2017-09-30,Alto Tietê
Q Rev.Capiv.,0.645,2,2017-09-30,Guarapiranga
Q Rev.Taquac.,1.37,2,2017-09-30,Guarapiranga
Q RP-RG,3.6,4,2017-09-30,Rio Grande
Q Guarat.,0.484,5,2017-09-30,Rio Claro
Q EEAB Bir,7.87,1,2017-10-31,Alto Tietê
Q RG-Taiaçupeba,2.16,1,2017-10-31,Alto Tietê
Q Transf Guaió,0,1,2017-10-31,Alto Tietê
Q Rev.Capiv.,1.43,2,2017-10-31,Guarapiranga
Q Rev.Taquac.,3.1,2,2017-10-31,Guarapiranga
Q RP-RG,0,4,2017-10-31,Rio Grande
Q Guarat.,0.484,5,2017-10-31,Rio Claro
Q EEAB Bir,6.13,1,2017-11-30,Alto Tietê
Q RG-Taiaçupeba,2.67,1,2017-11-30,Alto Tietê
Q Transf Guaió,0,1,2017-11-30,Alto Tietê
Q Rev.Capiv.,0.53,2,2017-11-30,Guarapiranga
Q Rev.Taquac.,3.1,2,2017-11-30,Guarapiranga
Q RP-RG,0,4,2017-11-30,Rio Grande
Q Guarat.,0.428,5,2017-11-30,Rio Claro
Q EEAB Bir,2.08,1,2017-12-31,Alto Tietê
Q RG-Taiaçupeba,2.5,1,2017-12-31,Alto Tietê
Q Transf Guaió,0,1,2017-12-31,Alto Tietê
Q Rev.Capiv.,1.52,2,2017-12-31,Guarapiranga
Q Rev.Taquac.,3.1,2,2017-12-31,Guarapiranga
Q RP-RG,0,4,2017-12-31,Rio Grande
Q Guarat.,0.283,5,2017-12-31,Rio Claro
Q PS-SC,0,0,2018-01-31,Cantareira
Q EEAB Bir,5.44,1,2018-01-31,Alto Tietê
Q RG-Taiaçupeba,0.624,1,2018-01-31,Alto Tietê
Q Transf Guaió,0,1,2018-01-31,Alto Tietê
Q Rev.Capiv.,1.43,2,2018-01-31,Guarapiranga
Q Rev.Taquac.,4,2,2018-01-31,Guarapiranga
Q RP-RG,0,4,2018-01-31,Rio Grande
Q Guarat.,0.44,5,2018-01-31,Rio Claro
Q PS-SC,0,0,2018-02-28,Cantareira
Q EEAB Bir,0,1,2018-02-28,Alto Tietê
Q RG-Taiaçupeba,2.38,1,2018-02-28,Alto Tietê
Q Transf Guaió,0,1,2018-02-28,Alto Tietê
Q Rev.Capiv.,1.25,2,2018-02-28,Guarapiranga
Q Rev.Taquac.,4.06,2,2018-02-28,Guarapiranga
Q RP-RG,0,4,2018-02-28,Rio Grande
Q Guarat.,0.429,5,2018-02-28,Rio Claro
Q PS-SC,0,0,2018-03-31,Cantareira
Q EEAB Bir,0,1,2018-03-31,Alto Tietê
Q RG-Taiaçupeba,0,1,2018-03-31,Alto Tietê
Q Transf Guaió,0,1,2018-03-31,Alto Tietê
Q Rev.Capiv.,1.25,2,2018-03-31,Guarapiranga
Q Rev.Taquac.,0,2,2018-03-31,Guarapiranga
Q RP-RG,0,4,2018-03-31,Rio Grande
Q Guarat.,0.484,5,2018-03-31,Rio Claro
Q PS-SC,0,0,2018-04-30,Cantareira
Q EEAB Bir,0,1,2018-04-30,Alto Tietê
Q RG-Taiaçupeba,0,1,2018-04-30,Alto Tietê
Q Transf Guaió,0,1,2018-04-30,Alto Tietê
Q Rev.Capiv.,0,2,2018-04-30,Guarapiranga
Q Rev.Taquac.,0,2,2018-04-30,Guarapiranga
Q RP-RG,0,4,2018-04-30,Rio Grande
Q Guarat.,0.484,5,2018-04-30,Rio Claro
Q PS-SC,8.64,0,2018-05-31,Cantareira
Q EEAB Bir,2.2,1,2018-05-31,Alto Tietê
Q RG-Taiaçupeba,2.35,1,2018-05-31,Alto Tietê
Q Transf Guaió,0,1,2018-05-31,Alto Tietê
Q Rev.Capiv.,0.42,2,2018-05-31,Guarapiranga
Q Rev.Taquac.,0,2,2018-05-31,Guarapiranga
Q RP-RG,1.8,4,2018-05-31,Rio Grande
Q Guarat.,0.36,5,2018-05-31,Rio Claro
Q PS-SC,4.07,0,2018-06-30,Cantareira
Q EEAB Bir,2.31,1,2018-06-30,Alto Tietê
Q RG-Taiaçupeba,2.8,1,2018-06-30,Alto Tietê
Q Transf Guaió,0.45,1,2018-06-30,Alto Tietê
Q Rev.Capiv.,0.58,2,2018-06-30,Guarapiranga
Q Rev.Taquac.,0,2,2018-06-30,Guarapiranga
Q RP-RG,3.6,4,2018-06-30,Rio Grande
Q Guarat.,0.484,5,2018-06-30,Rio Claro
Q PS-SC,8.12,0,2018-07-31,Cantareira
Q EEAB Bir,2.08,1,2018-07-31,Alto Tietê
Q RG-Taiaçupeba,2.46,1,2018-07-31,Alto Tietê
Q Transf Guaió,0.15,1,2018-07-31,Alto Tietê
Q Rev.Capiv.,1.15,2,2018-07-31,Guarapiranga
Q Rev.Taquac.,4.05,2,2018-07-31,Guarapiranga
Q RP-RG,5.4,4,2018-07-31,Rio Grande
Q Guarat.,0.484,5,2018-07-31,Rio Claro
Q PS-SC,8,0,2018-08-31,Cantareira
Q EEAB Bir,4.05,1,2018-08-31,Alto Tietê
Q RG-Taiaçupeba,2.7,1,2018-08-31,Alto Tietê
Q Transf Guaió,0.35,1,2018-08-31,Alto Tietê
Q Rev.Capiv.,0.96,2,2018-08-31,Guarapiranga
Q Rev.Taquac.,0,2,2018-08-31,Guarapiranga
Q RP-RG,5.4,4,2018-08-31,Rio Grande
Q Guarat.,0.48,5,2018-08-31,Rio Claro
Q PS-SC,7.86,0,2018-09-30,Cantareira
Q EEAB Bir,8.56,1,2018-09-30,Alto Tietê
Q RG-Taiaçupeba,2.7,1,2018-09-30,Alto Tietê
Q Transf Guaió,0.34,1,2018-09-30,Alto Tietê
Q Rev.Capiv.,1.4,2,2018-09-30,Guarapiranga
Q Rev.Taquac.,4.05,2,2018-09-30,Guarapiranga
Q RP-RG,5.15,4,2018-09-30,Rio Grande
Q Guarat.,0.344,5,2018-09-30,Rio Claro
Q PS-SC,7.651,0,2018-10-31,Cantareira
Q EEAB Bir,6.03,1,2018-10-31,Alto Tietê
Q RG-Taiaçupeba,2.7,1,2018-10-31,Alto Tietê
Q Transf Guaió,0.508,1,2018-10-31,Alto Tietê
Q Rev.Capiv.,1.15,2,2018-10-31,Guarapiranga
Q Rev.Taquac.,4.05,2,2018-10-31,Guarapiranga
Q RP-RG,1.76,4,2018-10-31,Rio Grande
Q Guarat.,0,5,2018-10-31,Rio Claro
Q PS-SC,6.489,0,2018-11-30,Cantareira
Q EEAB Bir,6.13,1,2018-11-30,Alto Tietê
Q RG-Taiaçupeba,0,1,2018-11-30,Alto Tietê
Q Transf Guaió,0.33,1,2018-11-30,Alto Tietê
Q Rev.Capiv.,1.15,2,2018-11-30,Guarapiranga
Q Rev.Taquac.,2.05,2,2018-11-30,Guarapiranga
Q RP-RG,1.76,4,2018-11-30,Rio Grande
Q Guarat.,0,5,2018-11-30,Rio Claro
Q PS-SC,5.217,0,2018-12-31,Cantareira
Q EEAB Bir,4.86,1,2018-12-31,Alto Tietê
Q RG-Taiaçupeba,0,1,2018-12-31,Alto Tietê
Q Transf Guaió,0.35,1,2018-12-31,Alto Tietê
Q Rev.Capiv.,1.15,2,2018-12-31,Guarapiranga
Q Rev.Taquac.,0,2,2018-12-31,Guarapiranga
Q RP-RG,0,4,2018-12-31,Rio Grande
Q Guarat.,0,5,2018-12-31,Rio Claro
Q PS-SC,5.22,0,2019-01-31,Cantareira
Q EEAB Bir,5.67,1,2019-01-31,Alto Tietê
Q RG-Taiaçupeba,2.9,1,2019-01-31,Alto Tietê
Q Transf Guaió,0.34,1,2019-01-31,Alto Tietê
Q Rev.Capiv.,1.15,2,2019-01-31,Guarapiranga
Q Rev.Taquac.,2.27,2,2019-01-31,Guarapiranga
Q RP-RG,0,4,2019-01-31,Rio Grande
Q Guarat.,0,5,2019-01-31,Rio Claro
Q PS-SC,5.465,0,2019-02-28,Cantareira
Q EEAB Bir,0,1,2019-02-28,Alto Tietê
Q RG-Taiaçupeba,0,1,2019-02-28,Alto Tietê
Q Transf Guaió,0,1,2019-02-28,Alto Tietê
Q Rev.Capiv.,0,2,2019-02-28,Guarapiranga
Q Rev.Taquac.,0,2,2019-02-28,Guarapiranga
Q RP-RG,0,4,2019-02-28,Rio Grande
Q Guarat.,0.161,5,2019-02-28,Rio Claro
Q PS-SC,5.435,0,2019-03-31,Cantareira
Q EEAB Bir,0,1,2019-03-31,Alto Tietê
Q RG-Taiaçupeba,0,1,2019-03-31,Alto Tietê
Q Transf Guaió,0,1,2019-03-31,Alto Tietê
Q Rev.Capiv.,0,2,2019-03-31,Guarapiranga
Q Rev.Taquac.,0,2,2019-03-31,Guarapiranga
Q RP-RG,0,4,2019-03-31,Rio Grande
Q Guarat.,0.472,5,2019-03-31,Rio Claro
Q PS-SC,5.36,0,2019-04-30,Cantareira
Q EEAB Bir,0,1,2019-04-30,Alto Tietê
Q RG-Taiaçupeba,0,1,2019-04-30,Alto Tietê
Q Transf Guaió,0,1,2019-04-30,Alto Tietê
Q Rev.Capiv.,0,2,2019-04-30,Guarapiranga
Q Rev.Taquac.,0,2,2019-04-30,Guarapiranga
Q RP-RG,0,4,2019-04-30,Rio Grande
Q Guarat.,0,5,2019-04-30,Rio Claro
Q PS-SC,3.68,0,2019-05-31,Cantareira
Q EEAB Bir,0,1,2019-05-31,Alto Tietê
Q RG-Taiaçupeba,0,1,2019-05-31,Alto Tietê
Q Transf Guaió,0,1,2019-05-31,Alto Tietê
Q Rev.Capiv.,0,2,2019-05-31,Guarapiranga
Q Rev.Taquac.,0,2,2019-05-31,Guarapiranga
Q RP-RG,0,4,2019-05-31,Rio Grande
Q Guarat.,0,5,2019-05-31,Rio Claro
Q PS-SC,0,0,2019-06-30,Cantareira
Q EEAB Bir,0,1,2019-06-30,Alto Tietê
Q RG-Taiaçupeba,0,1,2019-06-30,Alto Tietê
Q Transf Guaió,0,1,2019-06-30,Alto Tietê
Q Rev.Capiv.,0,2,2019-06-30,Guarapiranga
Q Rev.Taquac.,0,2,2019-06-30,Guarapiranga
Q RP-RG,0,4,2019-06-30,Rio Grande
Q Guarat.,0,5,2019-06-30,Rio Claro
Q PS-SC,5.29,0,2019-07-31,Cantareira
Q EEAB Bir,1.38,1,2019-07-31,Alto Tietê
Q RG-Taiaçupeba,0,1,2019-07-31,Alto Tietê
Q Transf Guaió,0,1,2019-07-31,Alto Tietê
Q Rev.Capiv.,0,2,2019-07-31,Guarapiranga
Q Rev.Taquac.,0,2,2019-07-31,Guarapiranga
Q RP-RG,0,4,2019-07-31,Rio Grande
Q Guarat.,0,5,2019-07-31,Rio Claro
Q PS-SC,5.114,0,2019-08-31,Cantareira
Q EEAB Bir,3.977,1,2019-08-31,Alto Tietê
Q RG-Taiaçupeba,0,1,2019-08-31,Alto Tietê
Q Transf Guaió,0,1,2019-08-31,Alto Tietê
Q Rev.Capiv.,0,2,2019-08-31,Guarapiranga
Q Rev.Taquac.,0,2,2019-08-31,Guarapiranga
Q RP-RG,0,4,2019-08-31,Rio Grande
Q Guarat.,0,5,2019-08-31,Rio Claro
Q PS-SC,3.538,0,2019-09-30,Cantareira
Q EEAB Bir,5.73,1,2019-09-30,Alto Tietê
Q RG-Taiaçupeba,0,1,2019-09-30,Alto Tietê
Q Transf Guaió,0,1,2019-09-30,Alto Tietê
Q Rev.Capiv.,0,2,2019-09-30,Guarapiranga
Q Rev.Taquac.,0,2,2019-09-30,Guarapiranga
Q RP-RG,0,4,2019-09-30,Rio Grande
Q Guarat.,0,5,2019-09-30,Rio Claro
Q PS-SC,5.104,0,2019-10-31,Cantareira
Q EEAB Bir,6.29,1,2019-10-31,Alto Tietê
Q RG-Taiaçupeba,0,1,2019-10-31,Alto Tietê
Q Transf Guaió,0,1,2019-10-31,Alto Tietê
Q Rev.Capiv.,0,2,2019-10-31,Guarapiranga
Q Rev.Taquac.,0,2,2019-10-31,Guarapiranga
Q RP-RG,0,4,2019-10-31,Rio Grande
Q Guarat.,0,5,2019-10-31,Rio Claro
Q PS-SC,4.553,0,2019-11-30,Cantareira
Q EEAB Bir,8.22,1,2019-11-30,Alto Tietê
Q RG-Taiaçupeba,0,1,2019-11-30,Alto Tietê
Q Transf Guaió,0,1,2019-11-30,Alto Tietê
Q Rev.Capiv.,1.433,2,2019-11-30,Guarapiranga
Q Rev.Taquac.,0,2,2019-11-30,Guarapiranga
Q RP-RG,0,4,2019-11-30,Rio Grande
Q Guarat.,0,5,2019-11-30,Rio Claro
Q PS-SC,5.059,0,2019-12-31,Cantareira
Q EEAB Bir,6.378,1,2019-12-31,Alto Tietê
Q RG-Taiaçupeba,0,1,2019-12-31,Alto Tietê
Q Transf Guaió,0,1,2019-12-31,Alto Tietê
Q Rev.Capiv.,0.61,2,2019-12-31,Guarapiranga
Q Rev.Taquac.,0,2,2019-12-31,Guarapiranga
Q RP-RG,0,4,2019-12-31,Rio Grande
Q Guarat.,0,5,2019-12-31,Rio Claro
Q PS-SC,5.007,0,2020-01-31,Cantareira
Q EEAB Bir,2.49,1,2020-01-31,Alto Tietê
Q RG-Taiaçupeba,0,1,2020-01-31,Alto Tietê
Q Transf Guaió,0,1,2020-01-31,Alto Tietê
Q Rev.Capiv.,0,2,2020-01-31,Guarapiranga
Q Rev.Taquac.,0,2,2020-01-31,Guarapiranga
Q RP-RG,0,4,2020-01-31,Rio Grande
Q Guarat.,0,5,2020-01-31,Rio Claro
Q PS-SC,5.116,0,2020-02-29,Cantareira
Q EEAB Bir,1.97,1,2020-02-29,Alto Tietê
Q RG-Taiaçupeba,0,1,2020-02-29,Alto Tietê
Q Transf Guaió,0,1,2020-02-29,Alto Tietê
Q Rev.Capiv.,0,2,2020-02-29,Guarapiranga
Q Rev.Taquac.,0,2,2020-02-29,Guarapiranga
Q RP-RG,0,4,2020-02-29,Rio Grande
Q Guarat.,0,5,2020-02-29,Rio Claro
Q PS-SC,0,0,2020-03-31,Cantareira
Q EEAB Bir,6.13,1,2020-03-31,Alto Tietê
Q RG-Taiaçupeba,0,1,2020-03-31,Alto Tietê
Q Transf Guaió,0,1,2020-03-31,Alto Tietê
Q Rev.Capiv.,0,2,2020-03-31,Guarapiranga
Q Rev.Taquac.,0,2,2020-03-31,Guarapiranga
Q RP-RG,0,4,2020-03-31,Rio Grande
Q Guarat.,0,5,2020-03-31,Rio Claro
Q PS-SC,0,0,2020-04-30,Cantareira
Q EEAB Bir,4.63,1,2020-04-30,Alto Tietê
Q RG-Taiaçupeba,0,1,2020-04-30,Alto Tietê
Q Transf Guaió,0,1,2020-04-30,Alto Tietê
Q Rev.Capiv.,0.72,2,2020-04-30,Guarapiranga
Q Rev.Taquac.,0,2,2020-04-30,Guarapiranga
Q RP-RG,0,4,2020-04-30,Rio Grande
Q Guarat.,0,5,2020-04-30,Rio Claro
Q PS-SC,8.162,0,2020-05-31,Cantareira
Q EEAB Bir,4.28,1,2020-05-31,Alto Tietê
Q RG-Taiaçupeba,0,1,2020-05-31,Alto Tietê
Q Transf Guaió,0,1,2020-05-31,Alto Tietê
Q Rev.Capiv.,1.15,2,2020-05-31,Guarapiranga
Q Rev.Taquac.,3.55,2,2020-05-31,Guarapiranga
Q RP-RG,1.8,4,2020-05-31,Rio Grande
Q Guarat.,0.322,5,2020-05-31,Rio Claro
Q PS-SC,8.052,0,2020-06-30,Cantareira
Q EEAB Bir,2.89,1,2020-06-30,Alto Tietê
Q RG-Taiaçupeba,0,1,2020-06-30,Alto Tietê
Q Transf Guaió,0,1,2020-06-30,Alto Tietê
Q Rev.Capiv.,1.43,2,2020-06-30,Guarapiranga
Q Rev.Taquac.,0,2,2020-06-30,Guarapiranga
Q RP-RG,0,4,2020-06-30,Rio Grande
Q Guarat.,0.245,5,2020-06-30,Rio Claro
Q PS-SC,7.959,0,2020-07-31,Cantareira
Q EEAB Bir,7.107,1,2020-07-31,Alto Tietê
Q RG-Taiaçupeba,0,1,2020-07-31,Alto Tietê
Q Transf Guaió,0,1,2020-07-31,Alto Tietê
Q Rev.Capiv.,1.215,2,2020-07-31,Guarapiranga
Q Rev.Taquac.,0,2,2020-07-31,Guarapiranga
Q RP-RG,1.8,4,2020-07-31,Rio Grande
Q Guarat.,0.373,5,2020-07-31,Rio Claro
Q PS-SC,7.785,0,2020-08-31,Cantareira
Q EEAB Bir,5.168,1,2020-08-31,Alto Tietê
Q RG-Taiaçupeba,0,1,2020-08-31,Alto Tietê
Q Transf Guaió,0,1,2020-08-31,Alto Tietê
Q Rev.Capiv.,0.7,2,2020-08-31,Guarapiranga
Q Rev.Taquac.,2,2,2020-08-31,Guarapiranga
Q RP-RG,1.8,4,2020-08-31,Rio Grande
Q Guarat.,0,5,2020-08-31,Rio Claro
Q PS-SC,7.606,0,2020-09-30,Cantareira
Q EEAB Bir,5.056,1,2020-09-30,Alto Tietê
Q RG-Taiaçupeba,0,1,2020-09-30,Alto Tietê
Q Transf Guaió,0,1,2020-09-30,Alto Tietê
Q Rev.Capiv.,0.525,2,2020-09-30,Guarapiranga
Q Rev.Taquac.,4.02,2,2020-09-30,Guarapiranga
Q RP-RG,1.8,4,2020-09-30,Rio Grande
Q Guarat.,0.505,5,2020-09-30,Rio Claro
Q PS-SC,4.947,0,2020-10-31,Cantareira
Q EEAB Bir,6.303,1,2020-10-31,Alto Tietê
Q RG-Taiaçupeba,0,1,2020-10-31,Alto Tietê
Q Transf Guaió,0,1,2020-10-31,Alto Tietê
Q Rev.Capiv.,1.32,2,2020-10-31,Guarapiranga
Q Rev.Taquac.,2.68,2,2020-10-31,Guarapiranga
Q RP-RG,0,4,2020-10-31,Rio Grande
Q Guarat.,0,5,2020-10-31,Rio Claro
Q PS-SC,2.56,0,2020-11-30,Cantareira
Q EEAB Bir,8.45,1,2020-11-30,Alto Tietê
Q RG-Taiaçupeba,0,1,2020-11-30,Alto Tietê
Q Transf Guaió,0,1,2020-11-30,Alto Tietê
Q Rev.Capiv.,1.37,2,2020-11-30,Guarapiranga
Q Rev.Taquac.,3.63,2,2020-11-30,Guarapiranga
Q RP-RG,0,4,2020-11-30,Rio Grande
Q Guarat.,0.426,5,2020-11-30,Rio Claro
Q PS-SC,0,0,2020-12-31,Cantareira
Q EEAB Bir,8.56,1,2020-12-31,Alto Tietê
Q RG-Taiaçupeba,0,1,2020-12-31,Alto Tietê
Q Transf Guaió,0,1,2020-12-31,Alto Tietê
Q Rev.Capiv.,1.433,2,2020-12-31,Guarapiranga
Q Rev.Taquac.,3.857,2,2020-12-31,Guarapiranga
Q RP-RG,0,4,2020-12-31,Rio Grande
Q Guarat.,0,5,2020-12-31,Rio Claro
Q PS-SC,8.1,0,2021-01-31,Cantareira
Q EEAB Bir,8.33,1,2021-01-31,Alto Tietê
Q RG-Taiaçupeba,0,1,2021-01-31,Alto Tietê
Q Transf Guaió,0,1,2021-01-31,Alto Tietê
Q Rev.Capiv.,1.72,2,2021-01-31,Guarapiranga
Q Rev.Taquac.,0,2,2021-01-31,Guarapiranga
Q RP-RG,0,4,2021-01-31,Rio Grande
Q Guarat.,0.5,5,2021-01-31,Rio Claro
Q PS-SC,7.84,0,2021-02-28,Cantareira
Q EEAB Bir,8.68,1,2021-02-28,Alto Tietê
Q RG-Taiaçupeba,0,1,2021-02-28,Alto Tietê
Q Transf Guaió,0,1,2021-02-28,Alto Tietê
Q Rev.Capiv.,1.72,2,2021-02-28,Guarapiranga
Q Rev.Taquac.,0,2,2021-02-28,Guarapiranga
Q RP-RG,0,4,2021-02-28,Rio Grande
Q Guarat.,0,5,2021-02-28,Rio Claro
Q PS-SC,7.795,0,2021-03-31,Cantareira
Q EEAB Bir,7.18,1,2021-03-31,Alto Tietê
Q RG-Taiaçupeba,0.219,1,2021-03-31,Alto Tietê
Q Transf Guaió,0,1,2021-03-31,Alto Tietê
Q Rev.Capiv.,0.583,2,2021-03-31,Guarapiranga
Q Rev.Taquac.,0,2,2021-03-31,Guarapiranga
Q RP-RG,0,4,2021-03-31,Rio Grande
Q Guarat.,0,5,2021-03-31,Rio Claro
Q PS-SC,7.663,0,2021-04-30,Cantareira
Q EEAB Bir,8.377,1,2021-04-30,Alto Tietê
Q RG-Taiaçupeba,1.802,1,2021-04-30,Alto Tietê
Q Transf Guaió,0,1,2021-04-30,Alto Tietê
Q Rev.Capiv.,1.166,2,2021-04-30,Guarapiranga
Q Rev.Taquac.,4.03,2,2021-04-30,Guarapiranga
Q RP-RG,0,4,2021-04-30,Rio Grande
Q Guarat.,0.465,5,2021-04-30,Rio Claro
Q PS-SC,7.63,0,2021-05-31,Cantareira
Q EEAB Bir,8.91,1,2021-05-31,Alto Tietê
Q RG-Taiaçupeba,2.377,1,2021-05-31,Alto Tietê
Q Transf Guaió,0,1,2021-05-31,Alto Tietê
Q Rev.Capiv.,1.4,2,2021-05-31,Guarapiranga
Q Rev.Taquac.,2.08,2,2021-05-31,Guarapiranga
Q RP-RG,0,4,2021-05-31,Rio Grande
Q Guarat.,0,5,2021-05-31,Rio Claro
Q PS-SC,7.626,0,2021-06-30,Cantareira
Q EEAB Bir,9,1,2021-06-30,Alto Tietê
Q RG-Taiaçupeba,2.64,1,2021-06-30,Alto Tietê
Q Transf Guaió,0,1,2021-06-30,Alto Tietê
Q Rev.Capiv.,1.17,2,2021-06-30,Guarapiranga
Q Rev.Taquac.,3.8,2,2021-06-30,Guarapiranga
Q RP-RG,0,4,2021-06-30,Rio Grande
Q Guarat.,0.208,5,2021-06-30,Rio Claro
Q PS-SC,7.616,0,2021-07-31,Cantareira
Q EEAB Bir,9,1,2021-07-31,Alto Tietê
Q RG-Taiaçupeba,0,1,2021-07-31,Alto Tietê
Q Transf Guaió,0,1,2021-07-31,Alto Tietê
Q Rev.Capiv.,1.166,2,2021-07-31,Guarapiranga
Q Rev.Taquac.,2.9,2,2021-07-31,Guarapiranga
Q RP-RG,3.725,4,2021-07-31,Rio Grande
Q Guarat.,0.507,5,2021-07-31,Rio Claro
Q PS-SC,7.622,0,2021-08-31,Cantareira
Q EEAB Bir,9.11,1,2021-08-31,Alto Tietê
Q RG-Taiaçupeba,0,1,2021-08-31,Alto Tietê
Q Transf Guaió,0,1,2021-08-31,Alto Tietê
Q Rev.Capiv.,1.166,2,2021-08-31,Guarapiranga
Q Rev.Taquac.,3.7,2,2021-08-31,Guarapiranga
Q RP-RG,4,4,2021-08-31,Rio Grande
Q Guarat.,0.436,5,2021-08-31,Rio Claro
Q PS-SC,0,0,2021-09-30,Cantareira
Q EEAB Bir,7.37,1,2021-09-30,Alto Tietê
Q RG-Taiaçupeba,0,1,2021-09-30,Alto Tietê
Q Transf Guaió,0,1,2021-09-30,Alto Tietê
Q Rev.Capiv.,0.583,2,2021-09-30,Guarapiranga
Q Rev.Taquac.,3.66,2,2021-09-30,Guarapiranga
Q RP-RG,2,4,2021-09-30,Rio Grande
Q Guarat.,0.506,5,2021-09-30,Rio Claro
Q PS-SC,7.721,0,2021-10-31,Cantareira
Q EEAB Bir,7.6,1,2021-10-31,Alto Tietê
Q RG-Taiaçupeba,2.58,1,2021-10-31,Alto Tietê
Q Transf Guaió,0,1,2021-10-31,Alto Tietê
Q Rev.Capiv.,1.4,2,2021-10-31,Guarapiranga
Q Rev.Taquac.,3.79,2,2021-10-31,Guarapiranga
Q RP-RG,0,4,2021-10-31,Rio Grande
Q Guarat.,0.509,5,2021-10-31,Rio Claro
Q PS-SC,7.504,0,2021-11-30,Cantareira
Q EEAB Bir,7.11,1,2021-11-30,Alto Tietê
Q RG-Taiaçupeba,0.96,1,2021-11-30,Alto Tietê
Q Transf Guaió,0,1,2021-11-30,Alto Tietê
Q Rev.Capiv.,0.479,2,2021-11-30,Guarapiranga
Q Rev.Taquac.,3.75,2,2021-11-30,Guarapiranga
Q RP-RG,0,4,2021-11-30,Rio Grande
Q Guarat.,0.517,5,2021-11-30,Rio Claro
Q PS-SC,0,0,2021-12-31,Cantareira
Q EEAB Bir,5.09,1,2021-12-31,Alto Tietê
Q RG-Taiaçupeba,1.01,1,2021-12-31,Alto Tietê
Q Transf Guaió,0,1,2021-12-31,Alto Tietê
Q Rev.Capiv.,1.166,2,2021-12-31,Guarapiranga
Q Rev.Taquac.,3.74,2,2021-12-31,Guarapiranga
Q RP-RG,0,4,2021-12-31,Rio Grande
Q Guarat.,0.478,5,2021-12-31,Rio Claro
Q PS-SC,0,0,2022-01-31,Cantareira
Q EEAB Bir,9.14,1,2022-01-31,Alto Tietê
Q RG-Taiaçupeba,0,1,2022-01-31,Alto Tietê
Q Transf Guaió,0.43,1,2022-01-31,Alto Tietê
Q Rev.Capiv.,0,2,2022-01-31,Guarapiranga
Q Rev.Taquac.,0,2,2022-01-31,Guarapiranga
Q RP-RG,0,4,2022-01-31,Rio Grande
Q Guarat.,0.261,5,2022-01-31,Rio Claro
Q PS-SC,0,0,2022-02-28,Cantareira
Q EEAB Bir,3,1,2022-02-28,Alto Tietê
Q RG-Taiaçupeba,0,1,2022-02-28,Alto Tietê
Q Transf Guaió,0.12,1,2022-02-28,Alto Tietê
Q Rev.Capiv.,0,2,2022-02-28,Guarapiranga
Q Rev.Taquac.,0,2,2022-02-28,Guarapiranga
Q RP-RG,0,4,2022-02-28,Rio Grande
Q Guarat.,0.239,5,2022-02-28,Rio Claro
Q PS-SC,0,0,2022-03-31,Cantareira
Q EEAB Bir,6.83,1,2022-03-31,Alto Tietê
Q RG-Taiaçupeba,0,1,2022-03-31,Alto Tietê
Q Transf Guaió,0.44,1,2022-03-31,Alto Tietê
Q Rev.Capiv.,0,2,2022-03-31,Guarapiranga
Q Rev.Taquac.,0,2,2022-03-31,Guarapiranga
Q RP-RG,0,4,2022-03-31,Rio Grande
Q Guarat.,0.241,5,2022-03-31,Rio Claro
Q PS-SC,7.58,0,2022-04-30,Cantareira
Q EEAB Bir,5.9,1,2022-04-30,Alto Tietê
Q RG-Taiaçupeba,0,1,2022-04-30,Alto Tietê
Q Transf Guaió,0.35,1,2022-04-30,Alto Tietê
Q Rev.Capiv.,0,2,2022-04-30,Guarapiranga
Q Rev.Taquac.,0,2,2022-04-30,Guarapiranga
Q RP-RG,0,4,2022-04-30,Rio Grande
Q Guarat.,0.035,5,2022-04-30,Rio Claro
Q PS-SC,7.576,0,2022-05-31,Cantareira
Q EEAB Bir,5.09,1,2022-05-31,Alto Tietê
Q RG-Taiaçupeba,0,1,2022-05-31,Alto Tietê
Q Transf Guaió,0.24,1,2022-05-31,Alto Tietê
Q Rev.Capiv.,0,2,2022-05-31,Guarapiranga
Q Rev.Taquac.,0,2,2022-05-31,Guarapiranga
Q RP-RG,0,4,2022-05-31,Rio Grande
Q Guarat.,0.232,5,2022-05-31,Rio Claro
Q PS-SC,7.58,0,2022-06-30,Cantareira
Q EEAB Bir,5.32,1,2022-06-30,Alto Tietê
Q RG-Taiaçupeba,0,1,2022-06-30,Alto Tietê
Q Transf Guaió,0,1,2022-06-30,Alto Tietê
Q Rev.Capiv.,0.204,2,2022-06-30,Guarapiranga
Q Rev.Taquac.,2.2,2,2022-06-30,Guarapiranga
Q RP-RG,0,4,2022-06-30,Rio Grande
Q Guarat.,0.066,5,2022-06-30,Rio Claro
Q PS-SC,7.528,0,2022-07-31,Cantareira
Q EEAB Bir,6.83,1,2022-07-31,Alto Tietê
Q RG-Taiaçupeba,0,1,2022-07-31,Alto Tietê
Q Transf Guaió,0,1,2022-07-31,Alto Tietê
Q Rev.Capiv.,0.13,2,2022-07-31,Guarapiranga
Q Rev.Taquac.,3.9,2,2022-07-31,Guarapiranga
Q RP-RG,0,4,2022-07-31,Rio Grande
Q Guarat.,0.266,5,2022-07-31,Rio Claro
Q PS-SC,7.333,0,2022-08-31,Cantareira
Q EEAB Bir,6,1,2022-08-31,Alto Tietê
Q RG-Taiaçupeba,0,1,2022-08-31,Alto Tietê
Q Transf Guaió,0,1,2022-08-31,Alto Tietê
Q Rev.Capiv.,0.623,2,2022-08-31,Guarapiranga
Q Rev.Taquac.,3.35,2,2022-08-31,Guarapiranga
Q RP-RG,0,4,2022-08-31,Rio Grande
Q Guarat.,0.238,5,2022-08-31,Rio Claro
Q PS-SC,7.277,0,2022-09-30,Cantareira
Q EEAB Bir,8.8,1,2022-09-30,Alto Tietê
Q RG-Taiaçupeba,0,1,2022-09-30,Alto Tietê
Q Transf Guaió,0,1,2022-09-30,Alto Tietê
Q Rev.Capiv.,0.855,2,2022-09-30,Guarapiranga
Q Rev.Taquac.,3.7,2,2022-09-30,Guarapiranga
Q RP-RG,0,4,2022-09-30,Rio Grande
Q Guarat.,0.123,5,2022-09-30,Rio Claro
Q PS-SC,7.21,0,2022-10-31,Cantareira
Q EEAB Bir,9.03,1,2022-10-31,Alto Tietê
Q RG-Taiaçupeba,0,1,2022-10-31,Alto Tietê
Q Transf Guaió,0,1,2022-10-31,Alto Tietê
Q Rev.Capiv.,0.408,2,2022-10-31,Guarapiranga
Q Rev.Taquac.,3.36,2,2022-10-31,Guarapiranga
Q RP-RG,0,4,2022-10-31,Rio Grande
Q Guarat.,0.234,5,2022-10-31,Rio Claro
Q PS-SC,7.43,0,2022-11-30,Cantareira
Q EEAB Bir,9.042,1,2022-11-30,Alto Tietê
Q RG-Taiaçupeba,0,1,2022-11-30,Alto Tietê
Q Transf Guaió,0,1,2022-11-30,Alto Tietê
Q Rev.Capiv.,0,2,2022-11-30,Guarapiranga
Q Rev.Taquac.,0,2,2022-11-30,Guarapiranga
Q RP-RG,0,4,2022-11-30,Rio Grande
Q Guarat.,0.252,5,2022-11-30,Rio Claro
Q PS-SC,0,0,2022-12-31,Cantareira
Q EEAB Bir,8.992,1,2022-12-31,Alto Tietê
Q RG-Taiaçupeba,0,1,2022-12-31,Alto Tietê
Q Transf Guaió,0,1,2022-12-31,Alto Tietê
Q Rev.Capiv.,0,2,2022-12-31,Guarapiranga
Q Rev.Taquac.,0,2,2022-12-31,Guarapiranga
Q RP-RG,0,4,2022-12-31,Rio Grande
Q Guarat.,0.253,5,2022-12-31,Rio Claro
Q PS-SC,0,0,2023-01-31,Cantareira
Q EEAB Bir,8.245,1,2023-01-31,Alto Tietê
Q RG-Taiaçupeba,0,1,2023-01-31,Alto Tietê
Q Transf Guaió,0,1,2023-01-31,Alto Tietê
Q Rev.Capiv.,0,2,2023-01-31,Guarapiranga
Q Rev.Taquac.,0,2,2023-01-31,Guarapiranga
Q RP-RG,0,4,2023-01-31,Rio Grande
Q Guarat.,0.229,5,2023-01-31,Rio Claro
Q PS-SC,0,0,2023-02-28,Cantareira
Q EEAB Bir,6.023,1,2023-02-28,Alto Tietê
Q RG-Taiaçupeba,0,1,2023-02-28,Alto Tietê
Q Transf Guaió,0,1,2023-02-28,Alto Tietê
Q Rev.Capiv.,0,2,2023-02-28,Guarapiranga
Q Rev.Taquac.,0,2,2023-02-28,Guarapiranga
Q RP-RG,0,4,2023-02-28,Rio Grande
Q Guarat.,0.236,5,2023-02-28,Rio Claro
Q PS-SC,0,0,2023-03-31,Cantareira
Q EEAB Bir,1.58,1,2023-03-31,Alto Tietê
Q RG-Taiaçupeba,0,1,2023-03-31,Alto Tietê
Q Transf Guaió,0,1,2023-03-31,Alto Tietê
Q Rev.Capiv.,0,2,2023-03-31,Guarapiranga
Q Rev.Taquac.,0,2,2023-03-31,Guarapiranga
Q RP-RG,0,4,2023-03-31,Rio Grande
Q Guarat.,0.015,5,2023-03-31,Rio Claro
Q PS-SC,0,0,2023-04-30,Cantareira
Q EEAB Bir,2.364,1,2023-04-30,Alto Tietê
Q RG-Taiaçupeba,0,1,2023-04-30,Alto Tietê
Q Transf Guaió,0,1,2023-04-30,Alto Tietê
Q Rev.Capiv.,0,2,2023-04-30,Guarapiranga
Q Rev.Taquac.,0,2,2023-04-30,Guarapiranga
Q RP-RG,0,4,2023-04-30,Rio Grande
Q Guarat.,0.5,5,2023-04-30,Rio Claro
Q PS-SC,0,0,2023-05-31,Cantareira
Q EEAB Bir,0,1,2023-05-31,Alto Tietê
Q RG-Taiaçupeba,0,1,2023-05-31,Alto Tietê
Q Transf Guaió,0,1,2023-05-31,Alto Tietê
Q Rev.Capiv.,0,2,2023-05-31,Guarapiranga
Q Rev.Taquac.,0,2,2023-05-31,Guarapiranga
Q RP-RG,0,4,2023-05-31,Rio Grande
Q Guarat.,0.398,5,2023-05-31,Rio Claro
Q PS-SC,0,0,2023-06-30,Cantareira
Q EEAB Bir,0,1,2023-06-30,Alto Tietê
Q RG-Taiaçupeba,0,1,2023-06-30,Alto Tietê
Q Transf Guaió,0,1,2023-06-30,Alto Tietê
Q Rev.Capiv.,0,2,2023-06-30,Guarapiranga
Q Rev.Taquac.,0,2,2023-06-30,Guarapiranga
Q RP-RG,0,4,2023-06-30,Rio Grande
Q Guarat.,0.499,5,2023-06-30,Rio Claro
Q PS-SC,0,0,2023-07-31,Cantareira
Q EEAB Bir,5.938,1,2023-07-31,Alto Tietê
Q RG-Taiaçupeba,0,1,2023-07-31,Alto Tietê
Q Transf Guaió,0,1,2023-07-31,Alto Tietê
Q Rev.Capiv.,0,2,2023-07-31,Guarapiranga
Q Rev.Taquac.,0,2,2023-07-31,Guarapiranga
Q RP-RG,0,4,2023-07-31,Rio Grande
Q Guarat.,0.379,5,2023-07-31,Rio Claro
Q PS-SC,0,0,2023-08-31,Cantareira
Q EEAB Bir,7.275,1,2023-08-31,Alto Tietê
Q RG-Taiaçupeba,0,1,2023-08-31,Alto Tietê
Q Transf Guaió,0,1,2023-08-31,Alto Tietê
Q Rev.Capiv.,0,2,2023-08-31,Guarapiranga
Q Rev.Taquac.,0,2,2023-08-31,Guarapiranga
Q RP-RG,0,4,2023-08-31,Rio Grande
Q Guarat.,0.496,5,2023-08-31,Rio Claro
Q PS-SC,0,0,2023-09-30,Cantareira
Q EEAB Bir,6.723,1,2023-09-30,Alto Tietê
Q RG-Taiaçupeba,0,1,2023-09-30,Alto Tietê
Q Transf Guaió,0,1,2023-09-30,Alto Tietê
Q Rev.Capiv.,0,2,2023-09-30,Guarapiranga
Q Rev.Taquac.,0,2,2023-09-30,Guarapiranga
Q RP-RG,0,4,2023-09-30,Rio Grande
Q Guarat.,0.495,5,2023-09-30,Rio Claro
Q PS-SC,0,0,2023-10-31,Cantareira
Q EEAB Bir,4.286,1,2023-10-31,Alto Tietê
Q RG-Taiaçupeba,0,1,2023-10-31,Alto Tietê
Q Transf Guaió,0,1,2023-10-31,Alto Tietê
Q Rev.Capiv.,0,2,2023-10-31,Guarapiranga
Q Rev.Taquac.,0,2,2023-10-31,Guarapiranga
Q RP-RG,0,4,2023-10-31,Rio Grande
Q Guarat.,0.493,5,2023-10-31,Rio Claro
Q PS-SC,0,0,2023-11-30,Cantareira
Q EEAB Bir,7.881,1,2023-11-30,Alto Tietê
Q RG-Taiaçupeba,0,1,2023-11-30,Alto Tietê
Q Transf Guaió,0,1,2023-11-30,Alto Tietê
Q Rev.Capiv.,0,2,2023-11-30,Guarapiranga
Q Rev.Taquac.,0,2,2023-11-30,Guarapiranga
Q RP-RG,0,4,2023-11-30,Rio Grande
Q Guarat.,0.421,5,2023-11-30,Rio Claro
Q PS-SC,0,0,2023-12-31,Cantareira
Q EEAB Bir,6.13,1,2023-12-31,Alto Tietê
Q RG-Taiaçupeba,0,1,2023-12-31,Alto Tietê
Q Transf Guaió,0,1,2023-12-31,Alto Tietê
Q Rev.Capiv.,0,2,2023-12-31,Guarapiranga
Q Rev.Taquac.,0,2,2023-12-31,Guarapiranga
Q RP-RG,0,4,2023-12-31,Rio Grande
Q Guarat.,0.425,5,2023-12-31,Rio Claro
Q PS-SC,0,0,2024-01-31,Cantareira
Q EEAB Bir,5.797,1,2024-01-31,Alto Tietê
Q RG-Taiaçupeba,0,1,2024-01-31,Alto Tietê
Q Transf Guaió,0,1,2024-01-31,Alto Tietê
Q Rev.Capiv.,0,2,2024-01-31,Guarapiranga
Q Rev.Taquac.,0,2,2024-01-31,Guarapiranga
Q RP-RG,0,4,2024-01-31,Rio Grande
Q Guarat.,0.494,5,2024-01-31,Rio Claro
Q PS-SC,0,0,2024-02-29,Cantareira
Q EEAB Bir,8.8,1,2024-02-29,Alto Tietê
Q RG-Taiaçupeba,0,1,2024-02-29,Alto Tietê
Q Transf Guaió,0,1,2024-02-29,Alto Tietê
Q Rev.Capiv.,0,2,2024-02-29,Guarapiranga
Q Rev.Taquac.,0,2,2024-02-29,Guarapiranga
Q RP-RG,0,4,2024-02-29,Rio Grande
Q Guarat.,0.405,5,2024-02-29,Rio Claro
Q PS-SC,0,0,2024-03-31,Cantareira
Q EEAB Bir,8.691,1,2024-03-31,Alto Tietê
Q RG-Taiaçupeba,0,1,2024-03-31,Alto Tietê
Q Transf Guaió,0,1,2024-03-31,Alto Tietê
Q Rev.Capiv.,0,2,2024-03-31,Guarapiranga
Q Rev.Taquac.,0,2,2024-03-31,Guarapiranga
Q RP-RG,0,4,2024-03-31,Rio Grande
Q Guarat.,0.34,5,2024-03-31,Rio Claro
Q PS-SC,0,0,2024-04-30,Cantareira
Q EEAB Bir,7.904,1,2024-04-30,Alto Tietê
Q RG-Taiaçupeba,0,1,2024-04-30,Alto Tietê
Q Transf Guaió,0,1,2024-04-30,Alto Tietê
Q Rev.Capiv.,0,2,2024-04-30,Guarapiranga
Q Rev.Taquac.,0,2,2024-04-30,Guarapiranga
Q RP-RG,0,4,2024-04-30,Rio Grande
Q Guarat.,0.365,5,2024-04-30,Rio Claro
Q PS-SC,7.75,0,2024-05-31,Cantareira
Q EEAB Bir,8.689,1,2024-05-31,Alto Tietê
Q RG-Taiaçupeba,0,1,2024-05-31,Alto Tietê
Q Transf Guaió,0,1,2024-05-31,Alto Tietê
Q Rev.Capiv.,0,2,2024-05-31,Guarapiranga
Q Rev.Taquac.,0,2,2024-05-31,Guarapiranga
Q RP-RG,0,4,2024-05-31,Rio Grande
Q Guarat.,0.382,5,2024-05-31,Rio Claro
Q PS-SC,7.923,0,2024-06-30,Cantareira
Q EEAB Bir,7.531,1,2024-06-30,Alto Tietê
Q RG-Taiaçupeba,0,1,2024-06-30,Alto Tietê
Q Transf Guaió,0,1,2024-06-30,Alto Tietê
Q Rev.Capiv.,0,2,2024-06-30,Guarapiranga
Q Rev.Taquac.,0,2,2024-06-30,Guarapiranga
Q RP-RG,0,4,2024-06-30,Rio Grande
Q Guarat.,0.367,5,2024-06-30,Rio Claro
Q PS-SC,7.709,0,2024-07-31,Cantareira
Q EEAB Bir,7.521,1,2024-07-31,Alto Tietê
Q RG-Taiaçupeba,0,1,2024-07-31,Alto Tietê
Q Transf Guaió,0,1,2024-07-31,Alto Tietê
Q Rev.Capiv.,1,2,2024-07-31,Guarapiranga
Q Rev.Taquac.,0,2,2024-07-31,Guarapiranga
Q RP-RG,0,4,2024-07-31,Rio Grande
Q Guarat.,0.398,5,2024-07-31,Rio Claro
Q PS-SC,7.76,0,2024-08-31,Cantareira
Q EEAB Bir,6.117,1,2024-08-31,Alto Tietê
Q RG-Taiaçupeba,0,1,2024-08-31,Alto Tietê
Q Transf Guaió,0,1,2024-08-31,Alto Tietê
Q Rev.Capiv.,0.137,2,2024-08-31,Guarapiranga
Q Rev.Taquac.,0.677,2,2024-08-31,Guarapiranga
Q RP-RG,0,4,2024-08-31,Rio Grande
Q Guarat.,0.427,5,2024-08-31,Rio Claro
Q PS-SC,7.67,0,2024-09-30,Cantareira
Q EEAB Bir,7.878,1,2024-09-30,Alto Tietê
Q RG-Taiaçupeba,0,1,2024-09-30,Alto Tietê
Q Transf Guaió,0,1,2024-09-30,Alto Tietê
Q Rev.Capiv.,0.183,2,2024-09-30,Guarapiranga
Q Rev.Taquac.,3.74,2,2024-09-30,Guarapiranga
Q RP-RG,0,4,2024-09-30,Rio Grande
Q Guarat.,0.433,5,2024-09-30,Rio Claro
Q PS-SC,7.52,0,2024-10-31,Cantareira
Q EEAB Bir,8.414,1,2024-10-31,Alto Tietê
Q RG-Taiaçupeba,0,1,2024-10-31,Alto Tietê
Q Transf Guaió,0,1,2024-10-31,Alto Tietê
Q Rev.Capiv.,0.573,2,2024-10-31,Guarapiranga
Q Rev.Taquac.,4.15,2,2024-10-31,Guarapiranga
Q RP-RG,0,4,2024-10-31,Rio Grande
Q Guarat.,0.428,5,2024-10-31,Rio Claro
Q PS-SC,7.44,0,2024-11-30,Cantareira
Q EEAB Bir,8.724,1,2024-11-30,Alto Tietê
Q RG-Taiaçupeba,0,1,2024-11-30,Alto Tietê
Q Transf Guaió,0,1,2024-11-30,Alto Tietê
Q Rev.Capiv.,0.502,2,2024-11-30,Guarapiranga
Q Rev.Taquac.,4.2,2,2024-11-30,Guarapiranga
Q RP-RG,0,4,2024-11-30,Rio Grande
Q Guarat.,0.422,5,2024-11-30,Rio Claro
Q PS-SC,7.435,0,2024-12-31,Cantareira
Q EEAB Bir,8.376,1,2024-12-31,Alto Tietê
Q RG-Taiaçupeba,0,1,2024-12-31,Alto Tietê
Q Transf Guaió,0,1,2024-12-31,Alto Tietê
Q Rev.Capiv.,0.7,2,2024-12-31,Guarapiranga
Q Rev.Taquac.,3.32,2,2024-12-31,Guarapiranga
Q RP-RG,0,4,2024-12-31,Rio Grande
Q Guarat.,0.194,5,2024-12-31,Rio Claro
Q PS-SC,7.366,0,2025-01-31,Cantareira
Q EEAB Bir,7.736,1,2025-01-31,Alto Tietê
Q RG-Taiaçupeba,0,1,2025-01-31,Alto Tietê
Q Transf Guaió,0,1,2025-01-31,Alto Tietê
Q Rev.Capiv.,1,2,2025-01-31,Guarapiranga
Q Rev.Taquac.,3.48,2,2025-01-31,Guarapiranga
Q RP-RG,0,4,2025-01-31,Rio Grande
Q Guarat.,0.368,5,2025-01-31,Rio Claro
Q PS-SC,5.468,0,2025-02-28,Cantareira
Q EEAB Bir,7.564,1,2025-02-28,Alto Tietê
Q RG-Taiaçupeba,0,1,2025-02-28,Alto Tietê
Q Transf Guaió,0,1,2025-02-28,Alto Tietê
Q Rev.Capiv.,0,2,2025-02-28,Guarapiranga
Q Rev.Taquac.,0,2,2025-02-28,Guarapiranga
Q RP-RG,0,4,2025-02-28,Rio Grande
Q Guarat.,0.257,5,2025-02-28,Rio Claro
Q PS-SC,7.13,0,2025-03-01,Cantareira
Q EEAB Bir,8.781,1,2025-03-01,Alto Tietê
Q RG-Taiaçupeba,0,1,2025-03-01,Alto Tietê
Q Transf Guaió,0,1,2025-03-01,Alto Tietê
Q Rev.Capiv.,0,2,2025-03-01,Guarapiranga
Q Rev.Taquac.,0,2,2025-03-01,Guarapiranga
Q RP-RG,0,4,2025-03-01,Rio Grande
Q Guarat.,0.391,5,2025-03-01,Rio Claro
